cdm_name,analysis_id,stratum_1,stratum_2,stratum_3,stratum_4,stratum_5,count_value,min_value,max_value,avg_value,stdev_value,median_value,p10_value,p25_value,p75_value,p90_value
CDW Bordeaux,3100,0,NA,NA,NA,NA,62205,NA,NA,NA,NA,NA,NA,NA,NA,NA
CDW Bordeaux,3100,4067106,NA,NA,NA,NA,2495,NA,NA,NA,NA,NA,NA,NA,NA,NA
CDW Bordeaux,3100,4081422,NA,NA,NA,NA,21396,NA,NA,NA,NA,NA,NA,NA,NA,NA
CDW Bordeaux,3100,4092289,NA,NA,NA,NA,32,NA,NA,NA,NA,NA,NA,NA,NA,NA
CDW Bordeaux,3100,443213,NA,NA,NA,NA,326,NA,NA,NA,NA,NA,NA,NA,NA,NA
CDW Bordeaux,3101,0,NA,NA,NA,NA,79458,NA,NA,NA,NA,NA,NA,NA,NA,NA
CDW Bordeaux,3101,4067106,NA,NA,NA,NA,2638,NA,NA,NA,NA,NA,NA,NA,NA,NA
CDW Bordeaux,3101,4081422,NA,NA,NA,NA,24638,NA,NA,NA,NA,NA,NA,NA,NA,NA
CDW Bordeaux,3101,4092289,NA,NA,NA,NA,32,NA,NA,NA,NA,NA,NA,NA,NA,NA
CDW Bordeaux,3101,443213,NA,NA,NA,NA,336,NA,NA,NA,NA,NA,NA,NA,NA,NA
CDW Bordeaux,3106,NA,NA,NA,NA,NA,NA,14.1984941820671,55.1184120465435,29.1665985987689,6.222272641956,29.2867898699521,NA,24.6872005475702,33.4784394250513,NA
CDW Bordeaux,3111,NA,NA,NA,NA,NA,NA,45,554,252.181836006797,69.8881559066755,308,NA,168,308,NA
CDW Bordeaux,3120,April,NA,NA,NA,NA,8516,NA,NA,NA,NA,NA,NA,NA,NA,NA
CDW Bordeaux,3120,August,NA,NA,NA,NA,9169,NA,NA,NA,NA,NA,NA,NA,NA,NA
CDW Bordeaux,3120,December,NA,NA,NA,NA,8827,NA,NA,NA,NA,NA,NA,NA,NA,NA
CDW Bordeaux,3120,February,NA,NA,NA,NA,8096,NA,NA,NA,NA,NA,NA,NA,NA,NA
CDW Bordeaux,3120,January,NA,NA,NA,NA,9143,NA,NA,NA,NA,NA,NA,NA,NA,NA
CDW Bordeaux,3120,July,NA,NA,NA,NA,8587,NA,NA,NA,NA,NA,NA,NA,NA,NA
CDW Bordeaux,3120,June,NA,NA,NA,NA,8437,NA,NA,NA,NA,NA,NA,NA,NA,NA
CDW Bordeaux,3120,March,NA,NA,NA,NA,8737,NA,NA,NA,NA,NA,NA,NA,NA,NA
CDW Bordeaux,3120,May,NA,NA,NA,NA,8672,NA,NA,NA,NA,NA,NA,NA,NA,NA
CDW Bordeaux,3120,November,NA,NA,NA,NA,8433,NA,NA,NA,NA,NA,NA,NA,NA,NA
CDW Bordeaux,3120,October,NA,NA,NA,NA,8829,NA,NA,NA,NA,NA,NA,NA,NA,NA
CDW Bordeaux,3120,September,NA,NA,NA,NA,8735,NA,NA,NA,NA,NA,NA,NA,NA,NA
CDW Bordeaux,3142,10-19,NA,NA,NA,NA,5735,NA,NA,NA,NA,NA,NA,NA,NA,NA
CDW Bordeaux,3142,20-29,NA,NA,NA,NA,45581,NA,NA,NA,NA,NA,NA,NA,NA,NA
CDW Bordeaux,3142,30-39,NA,NA,NA,NA,50338,NA,NA,NA,NA,NA,NA,NA,NA,NA
CDW Bordeaux,3142,40-49,NA,NA,NA,NA,5389,NA,NA,NA,NA,NA,NA,NA,NA,NA
CDW Bordeaux,3142,50-59,NA,NA,NA,NA,58,NA,NA,NA,NA,NA,NA,NA,NA,NA
CDW Bordeaux,3150,4015701,NA,NA,NA,NA,7103,NA,NA,NA,NA,NA,NA,NA,NA,NA
CDW Bordeaux,3150,4125611,NA,NA,NA,NA,58630,NA,NA,NA,NA,NA,NA,NA,NA,NA
CDW Bordeaux,3151,4015701,NA,NA,NA,NA,7637,NA,NA,NA,NA,NA,NA,NA,NA,NA
CDW Bordeaux,3151,4125611,NA,NA,NA,NA,86429,NA,NA,NA,NA,NA,NA,NA,NA,NA
CDW Bordeaux,3156,NA,NA,NA,NA,NA,78876,1,10,1.3584360261676556,0.6614999683707653,1,1,1,2,2
CPRD-GOLD,3100,0,NA,NA,NA,NA,302463,NA,NA,NA,NA,NA,NA,NA,NA,NA
CPRD-GOLD,3100,4067106,NA,NA,NA,NA,90838,NA,NA,NA,NA,NA,NA,NA,NA,NA
CPRD-GOLD,3100,4081422,NA,NA,NA,NA,83917,NA,NA,NA,NA,NA,NA,NA,NA,NA
CPRD-GOLD,3100,4092289,NA,NA,NA,NA,119673,NA,NA,NA,NA,NA,NA,NA,NA,NA
CPRD-GOLD,3100,443213,NA,NA,NA,NA,1687,NA,NA,NA,NA,NA,NA,NA,NA,NA
CPRD-GOLD,3101,0,NA,NA,NA,NA,348762,NA,NA,NA,NA,NA,NA,NA,NA,NA
CPRD-GOLD,3101,4067106,NA,NA,NA,NA,105228,NA,NA,NA,NA,NA,NA,NA,NA,NA
CPRD-GOLD,3101,4081422,NA,NA,NA,NA,94286,NA,NA,NA,NA,NA,NA,NA,NA,NA
CPRD-GOLD,3101,4092289,NA,NA,NA,NA,141192,NA,NA,NA,NA,NA,NA,NA,NA,NA
CPRD-GOLD,3101,443213,NA,NA,NA,NA,1701,NA,NA,NA,NA,NA,NA,NA,NA,NA
CPRD-GOLD,3106,NA,NA,NA,NA,NA,NA,14.1683778234086,55.6084873374401,29.4629695053119,6.33042121818765,29.5852156057495,NA,24.766598220397,33.9466119096509,NA
CPRD-GOLD,3111,NA,NA,NA,NA,NA,NA,-1768,4000,258.788950314612,81.0377661586052,308,NA,168,308,NA
CPRD-GOLD,3120,April,NA,NA,NA,NA,56797,NA,NA,NA,NA,NA,NA,NA,NA,NA
CPRD-GOLD,3120,August,NA,NA,NA,NA,58961,NA,NA,NA,NA,NA,NA,NA,NA,NA
CPRD-GOLD,3120,December,NA,NA,NA,NA,55713,NA,NA,NA,NA,NA,NA,NA,NA,NA
CPRD-GOLD,3120,February,NA,NA,NA,NA,54219,NA,NA,NA,NA,NA,NA,NA,NA,NA
CPRD-GOLD,3120,January,NA,NA,NA,NA,61239,NA,NA,NA,NA,NA,NA,NA,NA,NA
CPRD-GOLD,3120,July,NA,NA,NA,NA,57575,NA,NA,NA,NA,NA,NA,NA,NA,NA
CPRD-GOLD,3120,June,NA,NA,NA,NA,55513,NA,NA,NA,NA,NA,NA,NA,NA,NA
CPRD-GOLD,3120,March,NA,NA,NA,NA,59360,NA,NA,NA,NA,NA,NA,NA,NA,NA
CPRD-GOLD,3120,May,NA,NA,NA,NA,57706,NA,NA,NA,NA,NA,NA,NA,NA,NA
CPRD-GOLD,3120,November,NA,NA,NA,NA,56761,NA,NA,NA,NA,NA,NA,NA,NA,NA
CPRD-GOLD,3120,October,NA,NA,NA,NA,56882,NA,NA,NA,NA,NA,NA,NA,NA,NA
CPRD-GOLD,3120,September,NA,NA,NA,NA,56395,NA,NA,NA,NA,NA,NA,NA,NA,NA
CPRD-GOLD,3142,10-19,NA,NA,NA,NA,33914,NA,NA,NA,NA,NA,NA,NA,NA,NA
CPRD-GOLD,3142,20-29,NA,NA,NA,NA,289976,NA,NA,NA,NA,NA,NA,NA,NA,NA
CPRD-GOLD,3142,30-39,NA,NA,NA,NA,325064,NA,NA,NA,NA,NA,NA,NA,NA,NA
CPRD-GOLD,3142,40-49,NA,NA,NA,NA,41693,NA,NA,NA,NA,NA,NA,NA,NA,NA
CPRD-GOLD,3142,50-59,NA,NA,NA,NA,521,NA,NA,NA,NA,NA,NA,NA,NA,NA
CPRD-GOLD,3150,4015701,NA,NA,NA,NA,61879,NA,NA,NA,NA,NA,NA,NA,NA,NA
CPRD-GOLD,3150,4125611,NA,NA,NA,NA,188213,NA,NA,NA,NA,NA,NA,NA,NA,NA
CPRD-GOLD,3151,4015701,NA,NA,NA,NA,64397,NA,NA,NA,NA,NA,NA,NA,NA,NA
CPRD-GOLD,3151,4125611,NA,NA,NA,NA,195194,NA,NA,NA,NA,NA,NA,NA,NA,NA
CPRD-GOLD,3156,NA,NA,NA,NA,NA,501055,1,14,1.3795551386574327,0.6885626216377978,1,1,1,2,2
DK-DHR,3100,0,NA,NA,NA,NA,284461,NA,NA,NA,NA,NA,NA,NA,NA,NA
DK-DHR,3100,4067106,NA,NA,NA,NA,86178,NA,NA,NA,NA,NA,NA,NA,NA,NA
DK-DHR,3100,4081422,NA,NA,NA,NA,122779,NA,NA,NA,NA,NA,NA,NA,NA,NA
DK-DHR,3100,4092289,NA,NA,NA,NA,342765,NA,NA,NA,NA,NA,NA,NA,NA,NA
DK-DHR,3100,443213,NA,NA,NA,NA,2769,NA,NA,NA,NA,NA,NA,NA,NA,NA
DK-DHR,3101,0,NA,NA,NA,NA,343231,NA,NA,NA,NA,NA,NA,NA,NA,NA
DK-DHR,3101,4067106,NA,NA,NA,NA,97199,NA,NA,NA,NA,NA,NA,NA,NA,NA
DK-DHR,3101,4081422,NA,NA,NA,NA,149806,NA,NA,NA,NA,NA,NA,NA,NA,NA
DK-DHR,3101,4092289,NA,NA,NA,NA,475845,NA,NA,NA,NA,NA,NA,NA,NA,NA
DK-DHR,3101,443213,NA,NA,NA,NA,2843,NA,NA,NA,NA,NA,NA,NA,NA,NA
DK-DHR,3106,NA,NA,NA,NA,NA,NA,14.1656399726215,55.564681724846,29.2802377667713,5.77635443247416,28.9828884325804,NA,25.4236824093087,32.9801505817933,NA
DK-DHR,3111,NA,NA,NA,NA,NA,NA,84,679,270.179566554778,68.6799852712731,308,NA,292,308,NA
DK-DHR,3120,April,NA,NA,NA,NA,86014,NA,NA,NA,NA,NA,NA,NA,NA,NA
DK-DHR,3120,August,NA,NA,NA,NA,94572,NA,NA,NA,NA,NA,NA,NA,NA,NA
DK-DHR,3120,December,NA,NA,NA,NA,88856,NA,NA,NA,NA,NA,NA,NA,NA,NA
DK-DHR,3120,February,NA,NA,NA,NA,79124,NA,NA,NA,NA,NA,NA,NA,NA,NA
DK-DHR,3120,January,NA,NA,NA,NA,88325,NA,NA,NA,NA,NA,NA,NA,NA,NA
DK-DHR,3120,July,NA,NA,NA,NA,90321,NA,NA,NA,NA,NA,NA,NA,NA,NA
DK-DHR,3120,June,NA,NA,NA,NA,85544,NA,NA,NA,NA,NA,NA,NA,NA,NA
DK-DHR,3120,March,NA,NA,NA,NA,90156,NA,NA,NA,NA,NA,NA,NA,NA,NA
DK-DHR,3120,May,NA,NA,NA,NA,87335,NA,NA,NA,NA,NA,NA,NA,NA,NA
DK-DHR,3120,November,NA,NA,NA,NA,89911,NA,NA,NA,NA,NA,NA,NA,NA,NA
DK-DHR,3120,October,NA,NA,NA,NA,93563,NA,NA,NA,NA,NA,NA,NA,NA,NA
DK-DHR,3120,September,NA,NA,NA,NA,92430,NA,NA,NA,NA,NA,NA,NA,NA,NA
DK-DHR,3142,10-19,NA,NA,NA,NA,28958,NA,NA,NA,NA,NA,NA,NA,NA,NA
DK-DHR,3142,20-29,NA,NA,NA,NA,465545,NA,NA,NA,NA,NA,NA,NA,NA,NA
DK-DHR,3142,30-39,NA,NA,NA,NA,522576,NA,NA,NA,NA,NA,NA,NA,NA,NA
DK-DHR,3142,40-49,NA,NA,NA,NA,50848,NA,NA,NA,NA,NA,NA,NA,NA,NA
DK-DHR,3142,50-59,NA,NA,NA,NA,995,NA,NA,NA,NA,NA,NA,NA,NA,NA
DK-DHR,3150,4015701,NA,NA,NA,NA,159757,NA,NA,NA,NA,NA,NA,NA,NA,NA
DK-DHR,3150,4125611,NA,NA,NA,NA,87111,NA,NA,NA,NA,NA,NA,NA,NA,NA
DK-DHR,3151,4015701,NA,NA,NA,NA,160545,NA,NA,NA,NA,NA,NA,NA,NA,NA
DK-DHR,3151,4125611,NA,NA,NA,NA,89218,NA,NA,NA,NA,NA,NA,NA,NA,NA
DK-DHR,3156,NA,NA,NA,NA,NA,581162,1,23,1.8395111862096971,0.9475492934847115,2,1,1,2,3
FinOMOP-THL,3100,0,NA,NA,NA,NA,306952,NA,NA,NA,NA,NA,NA,NA,NA,NA
FinOMOP-THL,3100,4067106,NA,NA,NA,NA,84065,NA,NA,NA,NA,NA,NA,NA,NA,NA
FinOMOP-THL,3100,4081422,NA,NA,NA,NA,103743,NA,NA,NA,NA,NA,NA,NA,NA,NA
FinOMOP-THL,3100,4092289,NA,NA,NA,NA,128583,NA,NA,NA,NA,NA,NA,NA,NA,NA
FinOMOP-THL,3100,443213,NA,NA,NA,NA,1955,NA,NA,NA,NA,NA,NA,NA,NA,NA
FinOMOP-THL,3101,0,NA,NA,NA,NA,441724,NA,NA,NA,NA,NA,NA,NA,NA,NA
FinOMOP-THL,3101,4067106,NA,NA,NA,NA,100987,NA,NA,NA,NA,NA,NA,NA,NA,NA
FinOMOP-THL,3101,4081422,NA,NA,NA,NA,129116,NA,NA,NA,NA,NA,NA,NA,NA,NA
FinOMOP-THL,3101,4092289,NA,NA,NA,NA,183132,NA,NA,NA,NA,NA,NA,NA,NA,NA
FinOMOP-THL,3101,443213,NA,NA,NA,NA,1996,NA,NA,NA,NA,NA,NA,NA,NA,NA
FinOMOP-THL,3106,NA,NA,NA,NA,NA,NA,14.0533880903491,55.1512662559891,29.2102249081331,6.1218826435373,29.2402464065708,NA,24.9226557152635,33.3963039014374,NA
FinOMOP-THL,3111,NA,NA,NA,NA,NA,NA,-32531,4521,255.286794522466,82.8157913076412,304,NA,168,308,NA
FinOMOP-THL,3120,April,NA,NA,NA,NA,69667,NA,NA,NA,NA,NA,NA,NA,NA,NA
FinOMOP-THL,3120,August,NA,NA,NA,NA,75389,NA,NA,NA,NA,NA,NA,NA,NA,NA
FinOMOP-THL,3120,December,NA,NA,NA,NA,67379,NA,NA,NA,NA,NA,NA,NA,NA,NA
FinOMOP-THL,3120,February,NA,NA,NA,NA,62782,NA,NA,NA,NA,NA,NA,NA,NA,NA
FinOMOP-THL,3120,January,NA,NA,NA,NA,70648,NA,NA,NA,NA,NA,NA,NA,NA,NA
FinOMOP-THL,3120,July,NA,NA,NA,NA,72282,NA,NA,NA,NA,NA,NA,NA,NA,NA
FinOMOP-THL,3120,June,NA,NA,NA,NA,69766,NA,NA,NA,NA,NA,NA,NA,NA,NA
FinOMOP-THL,3120,March,NA,NA,NA,NA,73144,NA,NA,NA,NA,NA,NA,NA,NA,NA
FinOMOP-THL,3120,May,NA,NA,NA,NA,71854,NA,NA,NA,NA,NA,NA,NA,NA,NA
FinOMOP-THL,3120,November,NA,NA,NA,NA,70616,NA,NA,NA,NA,NA,NA,NA,NA,NA
FinOMOP-THL,3120,October,NA,NA,NA,NA,74473,NA,NA,NA,NA,NA,NA,NA,NA,NA
FinOMOP-THL,3120,September,NA,NA,NA,NA,73021,NA,NA,NA,NA,NA,NA,NA,NA,NA
FinOMOP-THL,3142,10-19,NA,NA,NA,NA,33144,NA,NA,NA,NA,NA,NA,NA,NA,NA
FinOMOP-THL,3142,110-119,NA,NA,NA,NA,0,NA,NA,NA,NA,NA,NA,NA,NA,NA
FinOMOP-THL,3142,20-29,NA,NA,NA,NA,356004,NA,NA,NA,NA,NA,NA,NA,NA,NA
FinOMOP-THL,3142,30-39,NA,NA,NA,NA,418547,NA,NA,NA,NA,NA,NA,NA,NA,NA
FinOMOP-THL,3142,40-49,NA,NA,NA,NA,48841,NA,NA,NA,NA,NA,NA,NA,NA,NA
FinOMOP-THL,3142,50-59,NA,NA,NA,NA,418,NA,NA,NA,NA,NA,NA,NA,NA,NA
FinOMOP-THL,3150,4015701,NA,NA,NA,NA,35537,NA,NA,NA,NA,NA,NA,NA,NA,NA
FinOMOP-THL,3150,4125611,NA,NA,NA,NA,219359,NA,NA,NA,NA,NA,NA,NA,NA,NA
FinOMOP-THL,3151,4015701,NA,NA,NA,NA,39888,NA,NA,NA,NA,NA,NA,NA,NA,NA
FinOMOP-THL,3151,4125611,NA,NA,NA,NA,237666,NA,NA,NA,NA,NA,NA,NA,NA,NA
FinOMOP-THL,3156,NA,NA,NA,NA,NA,470195,1,15,1.8227012197067174,1.0162971089047357,2,1,1,2,3
FinOMOP-TaUH Pirha,3100,0,NA,NA,NA,NA,46929,NA,NA,NA,NA,NA,NA,NA,NA,NA
FinOMOP-TaUH Pirha,3100,4067106,NA,NA,NA,NA,6607,NA,NA,NA,NA,NA,NA,NA,NA,NA
FinOMOP-TaUH Pirha,3100,4081422,NA,NA,NA,NA,7575,NA,NA,NA,NA,NA,NA,NA,NA,NA
FinOMOP-TaUH Pirha,3100,4092289,NA,NA,NA,NA,233,NA,NA,NA,NA,NA,NA,NA,NA,NA
FinOMOP-TaUH Pirha,3100,443213,NA,NA,NA,NA,193,NA,NA,NA,NA,NA,NA,NA,NA,NA
FinOMOP-TaUH Pirha,3101,0,NA,NA,NA,NA,62726,NA,NA,NA,NA,NA,NA,NA,NA,NA
FinOMOP-TaUH Pirha,3101,4067106,NA,NA,NA,NA,7929,NA,NA,NA,NA,NA,NA,NA,NA,NA
FinOMOP-TaUH Pirha,3101,4081422,NA,NA,NA,NA,9157,NA,NA,NA,NA,NA,NA,NA,NA,NA
FinOMOP-TaUH Pirha,3101,4092289,NA,NA,NA,NA,235,NA,NA,NA,NA,NA,NA,NA,NA,NA
FinOMOP-TaUH Pirha,3101,443213,NA,NA,NA,NA,200,NA,NA,NA,NA,NA,NA,NA,NA,NA
FinOMOP-TaUH Pirha,3106,NA,NA,NA,NA,NA,NA,14.2943189596167,54.6310746064339,29.4400841713506,5.74546815167061,29.399041752224498,NA,25.5222450376454,33.2895277207392,NA
FinOMOP-TaUH Pirha,3111,NA,NA,NA,NA,NA,NA,-2932,5401,374.188343489476,422.45319021295,308,NA,289,317,NA
FinOMOP-TaUH Pirha,3120,April,NA,NA,NA,NA,6464,NA,NA,NA,NA,NA,NA,NA,NA,NA
FinOMOP-TaUH Pirha,3120,August,NA,NA,NA,NA,6802,NA,NA,NA,NA,NA,NA,NA,NA,NA
FinOMOP-TaUH Pirha,3120,December,NA,NA,NA,NA,6210,NA,NA,NA,NA,NA,NA,NA,NA,NA
FinOMOP-TaUH Pirha,3120,February,NA,NA,NA,NA,5774,NA,NA,NA,NA,NA,NA,NA,NA,NA
FinOMOP-TaUH Pirha,3120,January,NA,NA,NA,NA,6563,NA,NA,NA,NA,NA,NA,NA,NA,NA
FinOMOP-TaUH Pirha,3120,July,NA,NA,NA,NA,6544,NA,NA,NA,NA,NA,NA,NA,NA,NA
FinOMOP-TaUH Pirha,3120,June,NA,NA,NA,NA,6239,NA,NA,NA,NA,NA,NA,NA,NA,NA
FinOMOP-TaUH Pirha,3120,March,NA,NA,NA,NA,6713,NA,NA,NA,NA,NA,NA,NA,NA,NA
FinOMOP-TaUH Pirha,3120,May,NA,NA,NA,NA,6337,NA,NA,NA,NA,NA,NA,NA,NA,NA
FinOMOP-TaUH Pirha,3120,November,NA,NA,NA,NA,6380,NA,NA,NA,NA,NA,NA,NA,NA,NA
FinOMOP-TaUH Pirha,3120,October,NA,NA,NA,NA,6510,NA,NA,NA,NA,NA,NA,NA,NA,NA
FinOMOP-TaUH Pirha,3120,September,NA,NA,NA,NA,6552,NA,NA,NA,NA,NA,NA,NA,NA,NA
FinOMOP-TaUH Pirha,3142,10-19,NA,NA,NA,NA,2510,NA,NA,NA,NA,NA,NA,NA,NA,NA
FinOMOP-TaUH Pirha,3142,20-29,NA,NA,NA,NA,34298,NA,NA,NA,NA,NA,NA,NA,NA,NA
FinOMOP-TaUH Pirha,3142,30-39,NA,NA,NA,NA,39351,NA,NA,NA,NA,NA,NA,NA,NA,NA
FinOMOP-TaUH Pirha,3142,40-49,NA,NA,NA,NA,4054,NA,NA,NA,NA,NA,NA,NA,NA,NA
FinOMOP-TaUH Pirha,3142,50-59,NA,NA,NA,NA,20,NA,NA,NA,NA,NA,NA,NA,NA,NA
FinOMOP-TaUH Pirha,3150,4015701,NA,NA,NA,NA,9882,NA,NA,NA,NA,NA,NA,NA,NA,NA
FinOMOP-TaUH Pirha,3150,4125611,NA,NA,NA,NA,13092,NA,NA,NA,NA,NA,NA,NA,NA,NA
FinOMOP-TaUH Pirha,3151,4015701,NA,NA,NA,NA,19223,NA,NA,NA,NA,NA,NA,NA,NA,NA
FinOMOP-TaUH Pirha,3151,4125611,NA,NA,NA,NA,15288,NA,NA,NA,NA,NA,NA,NA,NA,NA
FinOMOP-TaUH Pirha,3156,NA,NA,NA,NA,NA,52074,1,11,1.5414602296731574,0.8155511743214177,1,1,1,2,3
HI-SPEED,3100,0,NA,NA,NA,NA,536663,NA,NA,NA,NA,NA,NA,NA,NA,NA
HI-SPEED,3100,4067106,NA,NA,NA,NA,116449,NA,NA,NA,NA,NA,NA,NA,NA,NA
HI-SPEED,3100,4081422,NA,NA,NA,NA,149356,NA,NA,NA,NA,NA,NA,NA,NA,NA
HI-SPEED,3100,4092289,NA,NA,NA,NA,79947,NA,NA,NA,NA,NA,NA,NA,NA,NA
HI-SPEED,3100,443213,NA,NA,NA,NA,2952,NA,NA,NA,NA,NA,NA,NA,NA,NA
HI-SPEED,3101,0,NA,NA,NA,NA,703289,NA,NA,NA,NA,NA,NA,NA,NA,NA
HI-SPEED,3101,4067106,NA,NA,NA,NA,138735,NA,NA,NA,NA,NA,NA,NA,NA,NA
HI-SPEED,3101,4081422,NA,NA,NA,NA,188888,NA,NA,NA,NA,NA,NA,NA,NA,NA
HI-SPEED,3101,4092289,NA,NA,NA,NA,101164,NA,NA,NA,NA,NA,NA,NA,NA,NA
HI-SPEED,3101,443213,NA,NA,NA,NA,3014,NA,NA,NA,NA,NA,NA,NA,NA,NA
HI-SPEED,3106,NA,NA,NA,NA,NA,NA,14.1848049281314,55.5865845311431,30.0124656724679,5.69573917711924,29.7878165639973,NA,26.135523613963,33.7850787132101,NA
HI-SPEED,3111,NA,NA,NA,NA,NA,NA,-1078,3204,262.503554784202,85.5740327688811,308,NA,168,308,NA
HI-SPEED,3120,April,NA,NA,NA,NA,93378,NA,NA,NA,NA,NA,NA,NA,NA,NA
HI-SPEED,3120,August,NA,NA,NA,NA,101500,NA,NA,NA,NA,NA,NA,NA,NA,NA
HI-SPEED,3120,December,NA,NA,NA,NA,88752,NA,NA,NA,NA,NA,NA,NA,NA,NA
HI-SPEED,3120,February,NA,NA,NA,NA,80730,NA,NA,NA,NA,NA,NA,NA,NA,NA
HI-SPEED,3120,January,NA,NA,NA,NA,93481,NA,NA,NA,NA,NA,NA,NA,NA,NA
HI-SPEED,3120,July,NA,NA,NA,NA,99509,NA,NA,NA,NA,NA,NA,NA,NA,NA
HI-SPEED,3120,June,NA,NA,NA,NA,97180,NA,NA,NA,NA,NA,NA,NA,NA,NA
HI-SPEED,3120,March,NA,NA,NA,NA,96143,NA,NA,NA,NA,NA,NA,NA,NA,NA
HI-SPEED,3120,May,NA,NA,NA,NA,96963,NA,NA,NA,NA,NA,NA,NA,NA,NA
HI-SPEED,3120,November,NA,NA,NA,NA,90342,NA,NA,NA,NA,NA,NA,NA,NA,NA
HI-SPEED,3120,October,NA,NA,NA,NA,95107,NA,NA,NA,NA,NA,NA,NA,NA,NA
HI-SPEED,3120,September,NA,NA,NA,NA,95449,NA,NA,NA,NA,NA,NA,NA,NA,NA
HI-SPEED,3142,10-19,NA,NA,NA,NA,23516,NA,NA,NA,NA,NA,NA,NA,NA,NA
HI-SPEED,3142,20-29,NA,NA,NA,NA,470536,NA,NA,NA,NA,NA,NA,NA,NA,NA
HI-SPEED,3142,30-39,NA,NA,NA,NA,575728,NA,NA,NA,NA,NA,NA,NA,NA,NA
HI-SPEED,3142,40-49,NA,NA,NA,NA,64690,NA,NA,NA,NA,NA,NA,NA,NA,NA
HI-SPEED,3142,50-59,NA,NA,NA,NA,619,NA,NA,NA,NA,NA,NA,NA,NA,NA
HI-SPEED,3150,4015701,NA,NA,NA,NA,500,NA,NA,NA,NA,NA,NA,NA,NA,NA
HI-SPEED,3150,4125611,NA,NA,NA,NA,125452,NA,NA,NA,NA,NA,NA,NA,NA,NA
HI-SPEED,3151,4015701,NA,NA,NA,NA,1022,NA,NA,NA,NA,NA,NA,NA,NA,NA
HI-SPEED,3151,4125611,NA,NA,NA,NA,267948,NA,NA,NA,NA,NA,NA,NA,NA,NA
HI-SPEED,3156,NA,NA,NA,NA,NA,714646,1,15,1.58844099036446,0.8054447399199941,1,1,1,2,3
IMASIS,3100,0,NA,NA,NA,NA,9284,NA,NA,NA,NA,NA,NA,NA,NA,NA
IMASIS,3100,4067106,NA,NA,NA,NA,3882,NA,NA,NA,NA,NA,NA,NA,NA,NA
IMASIS,3100,4081422,NA,NA,NA,NA,901,NA,NA,NA,NA,NA,NA,NA,NA,NA
IMASIS,3100,4092289,NA,NA,NA,NA,14633,NA,NA,NA,NA,NA,NA,NA,NA,NA
IMASIS,3100,443213,NA,NA,NA,NA,77,NA,NA,NA,NA,NA,NA,NA,NA,NA
IMASIS,3101,0,NA,NA,NA,NA,10107,NA,NA,NA,NA,NA,NA,NA,NA,NA
IMASIS,3101,4067106,NA,NA,NA,NA,4203,NA,NA,NA,NA,NA,NA,NA,NA,NA
IMASIS,3101,4081422,NA,NA,NA,NA,926,NA,NA,NA,NA,NA,NA,NA,NA,NA
IMASIS,3101,4092289,NA,NA,NA,NA,17938,NA,NA,NA,NA,NA,NA,NA,NA,NA
IMASIS,3101,443213,NA,NA,NA,NA,77,NA,NA,NA,NA,NA,NA,NA,NA,NA
IMASIS,3106,NA,NA,NA,NA,NA,NA,14.2395619438741,55.7289527720739,31.2139941400661,6.34089539558428,31.5728952772074,NA,26.6673511293634,35.8302532511978,NA
IMASIS,3111,NA,NA,NA,NA,NA,NA,31,535,210.420769300171,93.8758421792518,267,NA,101,289,NA
IMASIS,3120,April,NA,NA,NA,NA,2648,NA,NA,NA,NA,NA,NA,NA,NA,NA
IMASIS,3120,August,NA,NA,NA,NA,2583,NA,NA,NA,NA,NA,NA,NA,NA,NA
IMASIS,3120,December,NA,NA,NA,NA,2637,NA,NA,NA,NA,NA,NA,NA,NA,NA
IMASIS,3120,February,NA,NA,NA,NA,2753,NA,NA,NA,NA,NA,NA,NA,NA,NA
IMASIS,3120,January,NA,NA,NA,NA,2661,NA,NA,NA,NA,NA,NA,NA,NA,NA
IMASIS,3120,July,NA,NA,NA,NA,2467,NA,NA,NA,NA,NA,NA,NA,NA,NA
IMASIS,3120,June,NA,NA,NA,NA,2352,NA,NA,NA,NA,NA,NA,NA,NA,NA
IMASIS,3120,March,NA,NA,NA,NA,2785,NA,NA,NA,NA,NA,NA,NA,NA,NA
IMASIS,3120,May,NA,NA,NA,NA,2493,NA,NA,NA,NA,NA,NA,NA,NA,NA
IMASIS,3120,November,NA,NA,NA,NA,2751,NA,NA,NA,NA,NA,NA,NA,NA,NA
IMASIS,3120,October,NA,NA,NA,NA,2590,NA,NA,NA,NA,NA,NA,NA,NA,NA
IMASIS,3120,September,NA,NA,NA,NA,2321,NA,NA,NA,NA,NA,NA,NA,NA,NA
IMASIS,3142,10-19,NA,NA,NA,NA,975,NA,NA,NA,NA,NA,NA,NA,NA,NA
IMASIS,3142,20-29,NA,NA,NA,NA,11288,NA,NA,NA,NA,NA,NA,NA,NA,NA
IMASIS,3142,30-39,NA,NA,NA,NA,17878,NA,NA,NA,NA,NA,NA,NA,NA,NA
IMASIS,3142,40-49,NA,NA,NA,NA,3059,NA,NA,NA,NA,NA,NA,NA,NA,NA
IMASIS,3142,50-59,NA,NA,NA,NA,46,NA,NA,NA,NA,NA,NA,NA,NA,NA
IMASIS,3150,4015701,NA,NA,NA,NA,4098,NA,NA,NA,NA,NA,NA,NA,NA,NA
IMASIS,3150,4125611,NA,NA,NA,NA,8415,NA,NA,NA,NA,NA,NA,NA,NA,NA
IMASIS,3151,4015701,NA,NA,NA,NA,4317,NA,NA,NA,NA,NA,NA,NA,NA,NA
IMASIS,3151,4125611,NA,NA,NA,NA,8765,NA,NA,NA,NA,NA,NA,NA,NA,NA
IMASIS,3156,NA,NA,NA,NA,NA,26288,1,7,1.2654062690200851,0.5640496039883208,1,1,1,1,2
IPCI,3100,0,NA,NA,NA,NA,222144,NA,NA,NA,NA,NA,NA,NA,NA,NA
IPCI,3100,4067106,NA,NA,NA,NA,17081,NA,NA,NA,NA,NA,NA,NA,NA,NA
IPCI,3100,4081422,NA,NA,NA,NA,9076,NA,NA,NA,NA,NA,NA,NA,NA,NA
IPCI,3100,4092289,NA,NA,NA,NA,332,NA,NA,NA,NA,NA,NA,NA,NA,NA
IPCI,3100,443213,NA,NA,NA,NA,1858,NA,NA,NA,NA,NA,NA,NA,NA,NA
IPCI,3101,0,NA,NA,NA,NA,273844,NA,NA,NA,NA,NA,NA,NA,NA,NA
IPCI,3101,4067106,NA,NA,NA,NA,19498,NA,NA,NA,NA,NA,NA,NA,NA,NA
IPCI,3101,4081422,NA,NA,NA,NA,10324,NA,NA,NA,NA,NA,NA,NA,NA,NA
IPCI,3101,4092289,NA,NA,NA,NA,349,NA,NA,NA,NA,NA,NA,NA,NA,NA
IPCI,3101,443213,NA,NA,NA,NA,1999,NA,NA,NA,NA,NA,NA,NA,NA,NA
IPCI,3106,NA,NA,NA,NA,NA,NA,14.1683778234086,2776.77207392197,30.5752403338919,8.26717499980044,30.3299110198494,NA,26.7843942505133,33.990417522245,NA
IPCI,3111,NA,NA,NA,NA,NA,NA,-1001174,1108,211.647088041724,1812.67859110692,261,NA,139,286,NA
IPCI,3120,April,NA,NA,NA,NA,25034,NA,NA,NA,NA,NA,NA,NA,NA,NA
IPCI,3120,August,NA,NA,NA,NA,25398,NA,NA,NA,NA,NA,NA,NA,NA,NA
IPCI,3120,December,NA,NA,NA,NA,26460,NA,NA,NA,NA,NA,NA,NA,NA,NA
IPCI,3120,February,NA,NA,NA,NA,23108,NA,NA,NA,NA,NA,NA,NA,NA,NA
IPCI,3120,January,NA,NA,NA,NA,26977,NA,NA,NA,NA,NA,NA,NA,NA,NA
IPCI,3120,July,NA,NA,NA,NA,25432,NA,NA,NA,NA,NA,NA,NA,NA,NA
IPCI,3120,June,NA,NA,NA,NA,23966,NA,NA,NA,NA,NA,NA,NA,NA,NA
IPCI,3120,March,NA,NA,NA,NA,25225,NA,NA,NA,NA,NA,NA,NA,NA,NA
IPCI,3120,May,NA,NA,NA,NA,25328,NA,NA,NA,NA,NA,NA,NA,NA,NA
IPCI,3120,November,NA,NA,NA,NA,25828,NA,NA,NA,NA,NA,NA,NA,NA,NA
IPCI,3120,October,NA,NA,NA,NA,26729,NA,NA,NA,NA,NA,NA,NA,NA,NA
IPCI,3120,September,NA,NA,NA,NA,25437,NA,NA,NA,NA,NA,NA,NA,NA,NA
IPCI,3142,10-19,NA,NA,NA,NA,5127,NA,NA,NA,NA,NA,NA,NA,NA,NA
IPCI,3142,20-29,NA,NA,NA,NA,116708,NA,NA,NA,NA,NA,NA,NA,NA,NA
IPCI,3142,2770-2779,NA,NA,NA,NA,0,NA,NA,NA,NA,NA,NA,NA,NA,NA
IPCI,3142,30-39,NA,NA,NA,NA,165817,NA,NA,NA,NA,NA,NA,NA,NA,NA
IPCI,3142,40-49,NA,NA,NA,NA,16738,NA,NA,NA,NA,NA,NA,NA,NA,NA
IPCI,3142,50-59,NA,NA,NA,NA,1623,NA,NA,NA,NA,NA,NA,NA,NA,NA
IPCI,3150,4015701,NA,NA,NA,NA,8168,NA,NA,NA,NA,NA,NA,NA,NA,NA
IPCI,3150,4125611,NA,NA,NA,NA,0,NA,NA,NA,NA,NA,NA,NA,NA,NA
IPCI,3151,4015701,NA,NA,NA,NA,14735,NA,NA,NA,NA,NA,NA,NA,NA,NA
IPCI,3151,4125611,NA,NA,NA,NA,0,NA,NA,NA,NA,NA,NA,NA,NA,NA
IPCI,3156,NA,NA,NA,NA,NA,215379,1,15,1.4212156245502114,0.7064199433292061,1,1,1,2,2
InGef_RDB,3100,0,NA,NA,NA,NA,24873,NA,NA,NA,NA,NA,NA,NA,NA,NA
InGef_RDB,3100,4067106,NA,NA,NA,NA,48956,NA,NA,NA,NA,NA,NA,NA,NA,NA
InGef_RDB,3100,4081422,NA,NA,NA,NA,8316,NA,NA,NA,NA,NA,NA,NA,NA,NA
InGef_RDB,3100,4092289,NA,NA,NA,NA,401185,NA,NA,NA,NA,NA,NA,NA,NA,NA
InGef_RDB,3100,443213,NA,NA,NA,NA,2621,NA,NA,NA,NA,NA,NA,NA,NA,NA
InGef_RDB,3101,0,NA,NA,NA,NA,26476,NA,NA,NA,NA,NA,NA,NA,NA,NA
InGef_RDB,3101,4067106,NA,NA,NA,NA,52020,NA,NA,NA,NA,NA,NA,NA,NA,NA
InGef_RDB,3101,4081422,NA,NA,NA,NA,8673,NA,NA,NA,NA,NA,NA,NA,NA,NA
InGef_RDB,3101,4092289,NA,NA,NA,NA,550925,NA,NA,NA,NA,NA,NA,NA,NA,NA
InGef_RDB,3101,443213,NA,NA,NA,NA,2655,NA,NA,NA,NA,NA,NA,NA,NA,NA
InGef_RDB,3106,NA,NA,NA,NA,NA,NA,14.1574264202601,55.605749486653004,31.4441307418607,5.78296709272135,31.1978097193703,NA,27.7809719370294,34.9075975359343,NA
InGef_RDB,3111,NA,NA,NA,NA,NA,NA,84,3247,292.84545898628,81.7000952386165,308,NA,308,308,NA
InGef_RDB,3120,April,NA,NA,NA,NA,47331,NA,NA,NA,NA,NA,NA,NA,NA,NA
InGef_RDB,3120,August,NA,NA,NA,NA,52765,NA,NA,NA,NA,NA,NA,NA,NA,NA
InGef_RDB,3120,December,NA,NA,NA,NA,49027,NA,NA,NA,NA,NA,NA,NA,NA,NA
InGef_RDB,3120,February,NA,NA,NA,NA,46623,NA,NA,NA,NA,NA,NA,NA,NA,NA
InGef_RDB,3120,January,NA,NA,NA,NA,53444,NA,NA,NA,NA,NA,NA,NA,NA,NA
InGef_RDB,3120,July,NA,NA,NA,NA,50904,NA,NA,NA,NA,NA,NA,NA,NA,NA
InGef_RDB,3120,June,NA,NA,NA,NA,47614,NA,NA,NA,NA,NA,NA,NA,NA,NA
InGef_RDB,3120,March,NA,NA,NA,NA,49250,NA,NA,NA,NA,NA,NA,NA,NA,NA
InGef_RDB,3120,May,NA,NA,NA,NA,48312,NA,NA,NA,NA,NA,NA,NA,NA,NA
InGef_RDB,3120,November,NA,NA,NA,NA,51807,NA,NA,NA,NA,NA,NA,NA,NA,NA
InGef_RDB,3120,October,NA,NA,NA,NA,53120,NA,NA,NA,NA,NA,NA,NA,NA,NA
InGef_RDB,3120,September,NA,NA,NA,NA,52725,NA,NA,NA,NA,NA,NA,NA,NA,NA
InGef_RDB,3142,10-19,NA,NA,NA,NA,9148,NA,NA,NA,NA,NA,NA,NA,NA,NA
InGef_RDB,3142,20-29,NA,NA,NA,NA,210523,NA,NA,NA,NA,NA,NA,NA,NA,NA
InGef_RDB,3142,30-39,NA,NA,NA,NA,377460,NA,NA,NA,NA,NA,NA,NA,NA,NA
InGef_RDB,3142,40-49,NA,NA,NA,NA,38492,NA,NA,NA,NA,NA,NA,NA,NA,NA
InGef_RDB,3142,50-59,NA,NA,NA,NA,5123,NA,NA,NA,NA,NA,NA,NA,NA,NA
InGef_RDB,3150,4015701,NA,NA,NA,NA,161439,NA,NA,NA,NA,NA,NA,NA,NA,NA
InGef_RDB,3150,4125611,NA,NA,NA,NA,235226,NA,NA,NA,NA,NA,NA,NA,NA,NA
InGef_RDB,3151,4015701,NA,NA,NA,NA,245217,NA,NA,NA,NA,NA,NA,NA,NA,NA
InGef_RDB,3151,4125611,NA,NA,NA,NA,259531,NA,NA,NA,NA,NA,NA,NA,NA,NA
InGef_RDB,3156,NA,NA,NA,NA,NA,441968,1,8,1.449745230423922,0.6896675825245776,1,1,1,2,2
NAJS,3100,0,NA,NA,NA,NA,77061,NA,NA,NA,NA,NA,NA,NA,NA,NA
NAJS,3100,4067106,NA,NA,NA,NA,35859,NA,NA,NA,NA,NA,NA,NA,NA,NA
NAJS,3100,4081422,NA,NA,NA,NA,19104,NA,NA,NA,NA,NA,NA,NA,NA,NA
NAJS,3100,4092289,NA,NA,NA,NA,173677,NA,NA,NA,NA,NA,NA,NA,NA,NA
NAJS,3100,443213,NA,NA,NA,NA,817,NA,NA,NA,NA,NA,NA,NA,NA,NA
NAJS,3101,0,NA,NA,NA,NA,88936,NA,NA,NA,NA,NA,NA,NA,NA,NA
NAJS,3101,4067106,NA,NA,NA,NA,42977,NA,NA,NA,NA,NA,NA,NA,NA,NA
NAJS,3101,4081422,NA,NA,NA,NA,21330,NA,NA,NA,NA,NA,NA,NA,NA,NA
NAJS,3101,4092289,NA,NA,NA,NA,235222,NA,NA,NA,NA,NA,NA,NA,NA,NA
NAJS,3101,443213,NA,NA,NA,NA,856,NA,NA,NA,NA,NA,NA,NA,NA,NA
NAJS,3106,NA,NA,NA,NA,NA,NA,14.1656399726215,55.6112251882272,32.3225547546816,8.05132191753076,31.2881587953457,NA,26.8637919233402,36.4517453798768,NA
NAJS,3111,NA,NA,NA,NA,NA,NA,-2331,2673,239.055368192314,92.6217608046218,308,NA,148,308,NA
NAJS,3120,April,NA,NA,NA,NA,26765,NA,NA,NA,NA,NA,NA,NA,NA,NA
NAJS,3120,August,NA,NA,NA,NA,28618,NA,NA,NA,NA,NA,NA,NA,NA,NA
NAJS,3120,December,NA,NA,NA,NA,27115,NA,NA,NA,NA,NA,NA,NA,NA,NA
NAJS,3120,February,NA,NA,NA,NA,27248,NA,NA,NA,NA,NA,NA,NA,NA,NA
NAJS,3120,January,NA,NA,NA,NA,31006,NA,NA,NA,NA,NA,NA,NA,NA,NA
NAJS,3120,July,NA,NA,NA,NA,26456,NA,NA,NA,NA,NA,NA,NA,NA,NA
NAJS,3120,June,NA,NA,NA,NA,25606,NA,NA,NA,NA,NA,NA,NA,NA,NA
NAJS,3120,March,NA,NA,NA,NA,30623,NA,NA,NA,NA,NA,NA,NA,NA,NA
NAJS,3120,May,NA,NA,NA,NA,26632,NA,NA,NA,NA,NA,NA,NA,NA,NA
NAJS,3120,November,NA,NA,NA,NA,28532,NA,NA,NA,NA,NA,NA,NA,NA,NA
NAJS,3120,October,NA,NA,NA,NA,27356,NA,NA,NA,NA,NA,NA,NA,NA,NA
NAJS,3120,September,NA,NA,NA,NA,28446,NA,NA,NA,NA,NA,NA,NA,NA,NA
NAJS,3142,10-19,NA,NA,NA,NA,9541,NA,NA,NA,NA,NA,NA,NA,NA,NA
NAJS,3142,20-29,NA,NA,NA,NA,138999,NA,NA,NA,NA,NA,NA,NA,NA,NA
NAJS,3142,30-39,NA,NA,NA,NA,185096,NA,NA,NA,NA,NA,NA,NA,NA,NA
NAJS,3142,40-49,NA,NA,NA,NA,39684,NA,NA,NA,NA,NA,NA,NA,NA,NA
NAJS,3142,50-59,NA,NA,NA,NA,16001,NA,NA,NA,NA,NA,NA,NA,NA,NA
NAJS,3150,4015701,NA,NA,NA,NA,63344,NA,NA,NA,NA,NA,NA,NA,NA,NA
NAJS,3150,4125611,NA,NA,NA,NA,158085,NA,NA,NA,NA,NA,NA,NA,NA,NA
NAJS,3151,4015701,NA,NA,NA,NA,85785,NA,NA,NA,NA,NA,NA,NA,NA,NA
NAJS,3151,4125611,NA,NA,NA,NA,211528,NA,NA,NA,NA,NA,NA,NA,NA,NA
NAJS,3156,NA,NA,NA,NA,NA,255854,1,22,1.5219930116394507,0.8185024134600669,1,1,1,2,3
NLHR@UIO,3100,0,NA,NA,NA,NA,10713,NA,NA,NA,NA,NA,NA,NA,NA,NA
NLHR@UIO,3100,4067106,NA,NA,NA,NA,51759,NA,NA,NA,NA,NA,NA,NA,NA,NA
NLHR@UIO,3100,4081422,NA,NA,NA,NA,49018,NA,NA,NA,NA,NA,NA,NA,NA,NA
NLHR@UIO,3100,4092289,NA,NA,NA,NA,220387,NA,NA,NA,NA,NA,NA,NA,NA,NA
NLHR@UIO,3100,443213,NA,NA,NA,NA,1893,NA,NA,NA,NA,NA,NA,NA,NA,NA
NLHR@UIO,3101,0,NA,NA,NA,NA,11209,NA,NA,NA,NA,NA,NA,NA,NA,NA
NLHR@UIO,3101,4067106,NA,NA,NA,NA,58704,NA,NA,NA,NA,NA,NA,NA,NA,NA
NLHR@UIO,3101,4081422,NA,NA,NA,NA,57063,NA,NA,NA,NA,NA,NA,NA,NA,NA
NLHR@UIO,3101,4092289,NA,NA,NA,NA,271945,NA,NA,NA,NA,NA,NA,NA,NA,NA
NLHR@UIO,3101,443213,NA,NA,NA,NA,1944,NA,NA,NA,NA,NA,NA,NA,NA,NA
NLHR@UIO,3106,NA,NA,NA,NA,NA,NA,14.1957563312799,55.6796714579055,30.4123632866024,5.5005344378481,30.2696783025325,NA,26.7488021902806,34.0123203285421,NA
NLHR@UIO,3111,NA,NA,NA,NA,NA,NA,84,684,259.949082608858,75.1191532366915,308,NA,168,308,NA
NLHR@UIO,3120,April,NA,NA,NA,NA,33186,NA,NA,NA,NA,NA,NA,NA,NA,NA
NLHR@UIO,3120,August,NA,NA,NA,NA,35207,NA,NA,NA,NA,NA,NA,NA,NA,NA
NLHR@UIO,3120,December,NA,NA,NA,NA,31218,NA,NA,NA,NA,NA,NA,NA,NA,NA
NLHR@UIO,3120,February,NA,NA,NA,NA,29866,NA,NA,NA,NA,NA,NA,NA,NA,NA
NLHR@UIO,3120,January,NA,NA,NA,NA,34954,NA,NA,NA,NA,NA,NA,NA,NA,NA
NLHR@UIO,3120,July,NA,NA,NA,NA,35102,NA,NA,NA,NA,NA,NA,NA,NA,NA
NLHR@UIO,3120,June,NA,NA,NA,NA,34188,NA,NA,NA,NA,NA,NA,NA,NA,NA
NLHR@UIO,3120,March,NA,NA,NA,NA,33673,NA,NA,NA,NA,NA,NA,NA,NA,NA
NLHR@UIO,3120,May,NA,NA,NA,NA,34151,NA,NA,NA,NA,NA,NA,NA,NA,NA
NLHR@UIO,3120,November,NA,NA,NA,NA,31643,NA,NA,NA,NA,NA,NA,NA,NA,NA
NLHR@UIO,3120,October,NA,NA,NA,NA,33235,NA,NA,NA,NA,NA,NA,NA,NA,NA
NLHR@UIO,3120,September,NA,NA,NA,NA,33646,NA,NA,NA,NA,NA,NA,NA,NA,NA
NLHR@UIO,3142,10-19,NA,NA,NA,NA,6989,NA,NA,NA,NA,NA,NA,NA,NA,NA
NLHR@UIO,3142,20-29,NA,NA,NA,NA,159370,NA,NA,NA,NA,NA,NA,NA,NA,NA
NLHR@UIO,3142,30-39,NA,NA,NA,NA,212552,NA,NA,NA,NA,NA,NA,NA,NA,NA
NLHR@UIO,3142,40-49,NA,NA,NA,NA,21614,NA,NA,NA,NA,NA,NA,NA,NA,NA
NLHR@UIO,3142,50-59,NA,NA,NA,NA,339,NA,NA,NA,NA,NA,NA,NA,NA,NA
NLHR@UIO,3150,4015701,NA,NA,NA,NA,25968,NA,NA,NA,NA,NA,NA,NA,NA,NA
NLHR@UIO,3150,4125611,NA,NA,NA,NA,0,NA,NA,NA,NA,NA,NA,NA,NA,NA
NLHR@UIO,3151,4015701,NA,NA,NA,NA,26322,NA,NA,NA,NA,NA,NA,NA,NA,NA
NLHR@UIO,3151,4125611,NA,NA,NA,NA,0,NA,NA,NA,NA,NA,NA,NA,NA,NA
NLHR@UIO,3156,NA,NA,NA,NA,NA,277821,1,12,1.4429758729541684,0.6856873759602164,1,1,1,2,2
SIDIAP,3100,0,NA,NA,NA,NA,281515,NA,NA,NA,NA,NA,NA,NA,NA,NA
SIDIAP,3100,4067106,NA,NA,NA,NA,35584,NA,NA,NA,NA,NA,NA,NA,NA,NA
SIDIAP,3100,4081422,NA,NA,NA,NA,69864,NA,NA,NA,NA,NA,NA,NA,NA,NA
SIDIAP,3100,4092289,NA,NA,NA,NA,183914,NA,NA,NA,NA,NA,NA,NA,NA,NA
SIDIAP,3100,443213,NA,NA,NA,NA,1853,NA,NA,NA,NA,NA,NA,NA,NA,NA
SIDIAP,3101,0,NA,NA,NA,NA,314006,NA,NA,NA,NA,NA,NA,NA,NA,NA
SIDIAP,3101,4067106,NA,NA,NA,NA,39573,NA,NA,NA,NA,NA,NA,NA,NA,NA
SIDIAP,3101,4081422,NA,NA,NA,NA,81288,NA,NA,NA,NA,NA,NA,NA,NA,NA
SIDIAP,3101,4092289,NA,NA,NA,NA,201225,NA,NA,NA,NA,NA,NA,NA,NA,NA
SIDIAP,3101,443213,NA,NA,NA,NA,1917,NA,NA,NA,NA,NA,NA,NA,NA,NA
SIDIAP,3106,NA,NA,NA,NA,NA,NA,14.1218343600274,55.5373032169747,31.7519805507856,6.8047336740379,31.9863107460643,NA,27.2717316906229,36.1505817932923,NA
SIDIAP,3111,NA,NA,NA,NA,NA,NA,-1615,4947,295.160427204005,300.149663245699,273,NA,168,292,NA
SIDIAP,3120,April,NA,NA,NA,NA,48324,NA,NA,NA,NA,NA,NA,NA,NA,NA
SIDIAP,3120,August,NA,NA,NA,NA,49398,NA,NA,NA,NA,NA,NA,NA,NA,NA
SIDIAP,3120,December,NA,NA,NA,NA,50824,NA,NA,NA,NA,NA,NA,NA,NA,NA
SIDIAP,3120,February,NA,NA,NA,NA,47713,NA,NA,NA,NA,NA,NA,NA,NA,NA
SIDIAP,3120,January,NA,NA,NA,NA,53423,NA,NA,NA,NA,NA,NA,NA,NA,NA
SIDIAP,3120,July,NA,NA,NA,NA,47855,NA,NA,NA,NA,NA,NA,NA,NA,NA
SIDIAP,3120,June,NA,NA,NA,NA,47903,NA,NA,NA,NA,NA,NA,NA,NA,NA
SIDIAP,3120,March,NA,NA,NA,NA,50823,NA,NA,NA,NA,NA,NA,NA,NA,NA
SIDIAP,3120,May,NA,NA,NA,NA,50246,NA,NA,NA,NA,NA,NA,NA,NA,NA
SIDIAP,3120,November,NA,NA,NA,NA,48925,NA,NA,NA,NA,NA,NA,NA,NA,NA
SIDIAP,3120,October,NA,NA,NA,NA,49478,NA,NA,NA,NA,NA,NA,NA,NA,NA
SIDIAP,3120,September,NA,NA,NA,NA,48481,NA,NA,NA,NA,NA,NA,NA,NA,NA
SIDIAP,3142,10-19,NA,NA,NA,NA,21654,NA,NA,NA,NA,NA,NA,NA,NA,NA
SIDIAP,3142,20-29,NA,NA,NA,NA,196487,NA,NA,NA,NA,NA,NA,NA,NA,NA
SIDIAP,3142,30-39,NA,NA,NA,NA,348925,NA,NA,NA,NA,NA,NA,NA,NA,NA
SIDIAP,3142,40-49,NA,NA,NA,NA,63922,NA,NA,NA,NA,NA,NA,NA,NA,NA
SIDIAP,3142,50-59,NA,NA,NA,NA,7021,NA,NA,NA,NA,NA,NA,NA,NA,NA
SIDIAP,3150,4015701,NA,NA,NA,NA,79633,NA,NA,NA,NA,NA,NA,NA,NA,NA
SIDIAP,3150,4125611,NA,NA,NA,NA,181125,NA,NA,NA,NA,NA,NA,NA,NA,NA
SIDIAP,3151,4015701,NA,NA,NA,NA,84516,NA,NA,NA,NA,NA,NA,NA,NA,NA
SIDIAP,3151,4125611,NA,NA,NA,NA,190043,NA,NA,NA,NA,NA,NA,NA,NA,NA
SIDIAP,3156,NA,NA,NA,NA,NA,508165,1,12,1.255617761947399,0.5397332747967258,1,1,1,1,2
SUCD,3100,0,NA,NA,NA,NA,15455,NA,NA,NA,NA,NA,NA,NA,NA,NA
SUCD,3100,4067106,NA,NA,NA,NA,12598,NA,NA,NA,NA,NA,NA,NA,NA,NA
SUCD,3100,4081422,NA,NA,NA,NA,19658,NA,NA,NA,NA,NA,NA,NA,NA,NA
SUCD,3100,4092289,NA,NA,NA,NA,59734,NA,NA,NA,NA,NA,NA,NA,NA,NA
SUCD,3100,443213,NA,NA,NA,NA,369,NA,NA,NA,NA,NA,NA,NA,NA,NA
SUCD,3101,0,NA,NA,NA,NA,16149,NA,NA,NA,NA,NA,NA,NA,NA,NA
SUCD,3101,4067106,NA,NA,NA,NA,13868,NA,NA,NA,NA,NA,NA,NA,NA,NA
SUCD,3101,4081422,NA,NA,NA,NA,22657,NA,NA,NA,NA,NA,NA,NA,NA,NA
SUCD,3101,4092289,NA,NA,NA,NA,76541,NA,NA,NA,NA,NA,NA,NA,NA,NA
SUCD,3101,443213,NA,NA,NA,NA,373,NA,NA,NA,NA,NA,NA,NA,NA,NA
SUCD,3106,NA,NA,NA,NA,NA,NA,14.1574264202601,54.7542778918549,31.5117958843664,6.21079772891148,31.8494182067077,NA,27.4934976043806,36.0793976728268,NA
SUCD,3111,NA,NA,NA,NA,NA,NA,-2115,4689,260.679985801154,121.897859652845,308,NA,168,308,NA
SUCD,3120,April,NA,NA,NA,NA,9661,NA,NA,NA,NA,NA,NA,NA,NA,NA
SUCD,3120,August,NA,NA,NA,NA,10814,NA,NA,NA,NA,NA,NA,NA,NA,NA
SUCD,3120,December,NA,NA,NA,NA,10393,NA,NA,NA,NA,NA,NA,NA,NA,NA
SUCD,3120,February,NA,NA,NA,NA,8905,NA,NA,NA,NA,NA,NA,NA,NA,NA
SUCD,3120,January,NA,NA,NA,NA,10824,NA,NA,NA,NA,NA,NA,NA,NA,NA
SUCD,3120,July,NA,NA,NA,NA,9919,NA,NA,NA,NA,NA,NA,NA,NA,NA
SUCD,3120,June,NA,NA,NA,NA,9545,NA,NA,NA,NA,NA,NA,NA,NA,NA
SUCD,3120,March,NA,NA,NA,NA,10152,NA,NA,NA,NA,NA,NA,NA,NA,NA
SUCD,3120,May,NA,NA,NA,NA,9838,NA,NA,NA,NA,NA,NA,NA,NA,NA
SUCD,3120,November,NA,NA,NA,NA,10522,NA,NA,NA,NA,NA,NA,NA,NA,NA
SUCD,3120,October,NA,NA,NA,NA,10323,NA,NA,NA,NA,NA,NA,NA,NA,NA
SUCD,3120,September,NA,NA,NA,NA,10614,NA,NA,NA,NA,NA,NA,NA,NA,NA
SUCD,3142,10-19,NA,NA,NA,NA,4276,NA,NA,NA,NA,NA,NA,NA,NA,NA
SUCD,3142,20-29,NA,NA,NA,NA,39227,NA,NA,NA,NA,NA,NA,NA,NA,NA
SUCD,3142,30-39,NA,NA,NA,NA,73624,NA,NA,NA,NA,NA,NA,NA,NA,NA
SUCD,3142,40-49,NA,NA,NA,NA,12391,NA,NA,NA,NA,NA,NA,NA,NA,NA
SUCD,3142,50-59,NA,NA,NA,NA,69,NA,NA,NA,NA,NA,NA,NA,NA,NA
SUCD,3150,4015701,NA,NA,NA,NA,39463,NA,NA,NA,NA,NA,NA,NA,NA,NA
SUCD,3150,4125611,NA,NA,NA,NA,8954,NA,NA,NA,NA,NA,NA,NA,NA,NA
SUCD,3151,4015701,NA,NA,NA,NA,95207,NA,NA,NA,NA,NA,NA,NA,NA,NA
SUCD,3151,4125611,NA,NA,NA,NA,9163,NA,NA,NA,NA,NA,NA,NA,NA,NA
SUCD,3156,NA,NA,NA,NA,NA,94478,1,12,1.3717373356760303,0.713994191363624,1,1,1,2,2
