analysis_id,analysis_name,stratum_1_name,stratum_2_name,stratum_3_name,stratum_4_name,stratum_5_name
3100,Number of persons by pregnancy outcome,pregnancy_outcome,NA,NA,NA,NA
3101,Number of records by pregnancy outcome,pregnancy_outcome,NA,NA,NA,NA
3106,Distribution of age of first pregnancy,NA,NA,NA,NA,NA
3111,Distribution of length of pregnancy in days,NA,NA,NA,NA,NA
3120,Number of records by start month,calendar month,NA,NA,NA,NA
3142,Number of records by age decile,NA,NA,NA,NA,NA
3150,Number of persons by pregnancy mode delivery,pregnancy_mode_delivery,NA,NA,NA,NA
3151,Number of records by pregnancy mode delivery,pregnancy_mode_delivery,NA,NA,NA,NA
3156,Number of pregnancies per person,NA,NA,NA,NA,NA
